﻿{
	"user": {
		"name": "Bob Barley",
		"age": "42"
	},
	"beers": [
		{
			"name": "Rare Bourbon County Brand Stout",
			"brewery": "Goose Island Beer Co.",
			"type": "Stout",
			"rating": 4.5,
			"abv": 0.13
		},
		{
			"name": "John",
			"brewery": "Zagrebačka Pivovara",
			"type": "Euro Lager",
			"rating": 1.5,
			"abv": 0.0499
		},
		{
			"name": "shady",
			"brewery": "Vukovarska pivovara",
			"type": "Pale Lager",
			"rating": 2.5,
			"abv": 0.045
		},
		{
			"name": "louis",
			"brewery": "Zmajska Pivovara d.o.o.",
			"type": "American Pale Ale",
			"rating": 3.5,
			"abv": 0.053
		},
		{
			"name": "Porter",
			"brewery": "Zmajska Pivovara d.o.o.",
			"type": "Porter",
			"rating": 3.5,
			"abv": 0.065
		},
		{
			"name": "APkA",
			"brewery": "Nova Runda",
			"type": "American Pale Ale",
			"rating": 3,
			"abv": 0.053
		},
		{
			"name": "Brale",
			"brewery": "Nova Runda",
			"type": "American Pale Ale",
			"rating": 3.5,
			"abv": 0.049
		},
		{
			"name": "Double Barrel Hunahpu's",
			"brewery": "Cigar City Brewing",
			"type": "American imperial",
			"rating": 4.5,
			"abv": 0.115
		},
		{
			"name": "pivot",
			"brewery": "Karlovačka Pivovara",
			"type": "Pale Lager",
			"rating": 2,
			"abv": 0.05
		}
	]
}